<?xml version="1.0" encoding="UTF-8"?>
<!DOCTYPE struts-config PUBLIC "-//Apache Software Foundation//DTD Struts 
Configuration 1.3//EN" "http://struts.apache.org/dtds/struts-config_1_3.dtd">
<struts-config>
	<form-beans>
	<form-bean name="adminForm" type="form.AdminForm" ></form-bean>
		<form-bean name="danhSachtkAdminForm" type="form.DanhSachtkAdminForm" />
		<form-bean name="quanlitkAdminForm" type="form.QuanlitkAdminForm" />
		<form-bean name="danhSachBaiVietForm" type="form.DanhSachBaiVietForm" />
		<form-bean name="quanliBaiVietForm" type="form.QuanliBaiVietForm" />
		<form-bean name="danhSachtkNhaTuyenDungForm" type="form.DanhSachtkNhaTuyenDungForm" />
		<form-bean name="quanlitkNhaTuyenDungForm" type="form.QuanlitkNhaTuyenDungForm" />
		
	</form-beans>
	<action-mappings>
	     <action input="/dangNhapAdmin.jsp" name="adminForm"
	            path="/dang-nhap" scope="request" type="action.AdminAction">
	     <forward name="thanhCong" path="/danh-sach.do"/>
	     <forward name="thatBai" path="/dangNhapAdmin.jsp"/>
		</action>
		
		 <!-- <action input="/dangNhap.jsp" name="danhSachtkAdminForm"
			path="/danh-sach" scope="request" type="action.DanhSachTaiKhoanAdminAction">
			<forward name="dsAdmin" path="/danhSachtkAdmin.jsp" />
		</action> -->
		 <!-- <action input="/dangNhapAdmin.jsp" name="danhSachBaiVietForm"
			path="/danh-sach" scope="request" type="action.DanhSachBaiVietAction">
			<forward name="dsBaiViet" path="/danhSachBaiViet.jsp" />		
		</action>  -->
		<action input="/dangNhapAdmin.jsp" name="danhSachtkNhaTuyenDungForm"
			path="/danh-sach" scope="request" type="action.DanhSachtkNhaTuyenDungAction">
			<forward name="dsNhaTuyenDung" path="/danhSachtkNhaTuyenDung.jsp" />		
		</action>
		<action input="/suatkAdmin.jsp" name="quanlitkAdminForm"
			path="/suaAdmin" scope="request" type="action.SuatkAdminAction">
			<forward name="suaAdmin" path="/suatkAdmin.jsp" />
			<forward name="suaAdminxong" path="/danh-sach.do" redirect="true" />
		</action>
		<action input="/themtkAdmin.jsp" name="quanlitkAdminForm"
			path="/themAdmin" scope="request" type="action.ThemtkAdminAction" validate="true">
			<forward name="themAdmin" path="/themtkAdmin.jsp" />
			<forward name="themAdminerror" path="/themtkAdmin.jsp" />
			<forward name="themAdminxong" path="/danh-sach.do" redirect="true"/>
		</action>
		<action input="/xoatkAdmin.jsp" name="quanlitkAdminForm"
			path="/xoaAdmin" scope="request" type="action.XoatkAdminAction">
			<forward name="xoaAdmin" path="/xoatkAdmin.jsp" />
			<forward name="xoaAdminxong" path="/danh-sach.do" redirect="true" />
		</action>
		 <action input="/dangNhapAdmin.jsp" name="quanliBaiVietForm"
			path="delete-thread-action" scope="request"
			type="action.XoaBaiVietAction">
			<forward name="xoaBaiViet" path="/danh-sach.do" redirect="true" />
		</action> 
		<action input="/dangNhapAdmin.jsp" name="quanliBaiVietForm"
			path="/xoaBaiViet" scope="request"
			type="action.XoaBaiVietAction">
			<forward name="xoaBaiViet" path="/danh-sach.do" redirect="true" />
		</action> 
		<action input="/dangNhapAdmin.jsp" name="quanliBaiVietForm"
			path="/suaBaiViet" scope="request"
			type="action.SuaBaiVietAction">
			<forward name="suaBaiViet" path="/danh-sach.do" redirect="true" />
		</action> 
<!-- 		/<action input="/danhsachSinhVien.jsp" path="/timkiemSV"  name="danhSachSinhVienForm" -->
<!-- 		 scope="request" type="action.TimKiemSinhVienAction"> -->
<!-- 			<forward name="dstimKiem" path="/timKiemSinhVien.jsp"> </forward> -->
<!-- 		</action> -->
	</action-mappings>
 <message-resources parameter="action.ApplicationResources" null="false" /> 
	
</struts-config>
